,report_ending_weekly_starting,number_of_sessions,average_session_length,number_of_unique_clients,tb_downloaded,tb_uploaded,cumulative_bandwidth,cumulative_sessions,cumulative_subscribers,sessions_per_user,GB_per_session,log_number_of_sessions,log_number_of_unique_clients,log_tb_downloaded,week
0,2020-01-05,23086410,00:04:07,683250,121.01,12.67,14353.83,2251215052,8461839,33.78911086717893,0.005790419558519493,16.954754690680485,13.434616103790315,4.7958731868099616,6
1,2020-01-12,23584159,00:04:07,640118,116.52,11.14,14501.59,2284581863,8502485,36.84345542540594,0.005412955365506143,16.976085815807362,13.369407813340873,4.758062932091234,6
2,2020-01-19,22004022,00:04:07,592715,114.5,10.52,14626.62,2306585885,8536567,37.12411867423635,0.005681688556755669,16.9067358127952,13.29246895536863,4.740574822994295,6
3,2020-01-26,20245042,00:04:15,602685,118.05,10.13,14754.79,2326830927,8571523,33.59141508416503,0.006331426726602988,16.823420482032564,13.309149951157442,4.771108263531522,6
4,2020-02-02,22356460,00:04:11,617337,120.69,10.94,14886.42,2349187387,8615640,36.21435293850846,0.005887783665213545,16.92262587529173,13.333170345027352,4.7932252746298065,6
5,2020-02-09,21393239,00:04:12,618210,121.23,10.85,15018.51,2370580626,8654392,34.605132560133285,0.006173913169483126,16.878585495494796,13.334583484544147,4.797689567758492,6
6,2020-02-16,21011376,00:04:14,612385,120.84,10.62,15149.96,2391592002,8694067,34.31072936143113,0.006256610704601165,16.860574563299195,13.325116448670782,4.794467356518472,6
7,2020-02-23,22624158,00:04:13,596994,122.66,11.11,15283.73,2414216160,8739567,37.896792932592284,0.005912706231984412,16.93452883138814,13.29966234207298,4.809416300197838,6
8,2020-03-01,22771143,00:04:14,609346,123.4,10.53,15418.32,2436987303,8783301,37.36980795804026,0.005881566858545484,16.94100463440852,13.320141529858232,4.8154311114712876,6
9,2020-03-08,22365295,00:04:13,601616,120.74,11.2,15549.59,2459352598,8822702,37.17536601420175,0.005899318564767422,16.923020985014723,13.307374647008787,4.79363947336828,6
10,2020-03-15,20527249,00:04:23,550203,121.56,10.65,15681.81,2479879847,8853950,37.308500680657865,0.0064407071790282275,16.83726378099063,13.21804258002045,4.800407968048592,6
11,2020-03-22,7590442,00:05:18,357837,58.84,4.62,15745.26,2487470289,8865469,21.212009937485504,0.008360514446984773,15.842400382195352,12.787832854436443,4.074821895733237,6
12,2020-03-29,4738574,00:06:13,269303,92.16,6.85,15844.27,2492208863,8872365,17.595697040136947,0.020894471627962336,15.371246804526804,12.503592418730214,4.523526196947581,6
13,2020-04-05,4589253,00:06:20,254145,92.44,6.93,15943.64,2496798116,8879407,18.057616714867496,0.021652761353536186,15.339227823694268,12.445660249260316,4.52655978540618,6
14,2020-04-12,4445147,00:06:24,243298,94.8,7.37,16045.8,2501305588,8886409,18.270380356599727,0.022984616706714086,15.307323497249454,12.402042308433677,4.551769409260976,6
15,2020-04-19,4507472,00:06:19,243055,88.74,6.93,16141.47,2505750735,8893373,18.54507004587439,0.021224757469375292,15.321247022171208,12.40104303416079,4.4857107459507635,6
16,2020-04-26,4461598,00:06:21,242168,89.45,7.08,16238.0,2510212333,8900552,18.423565458689836,0.02163574575746179,15.311017555787702,12.397386979159174,4.493679809954728,6
17,2020-05-03,4833406,00:05:57,255054,87.91,6.9,16332.8,2515045739,8908590,18.950520281979504,0.019615567159059263,15.391061953092436,12.449230566427465,4.476313563863087,6
18,2020-05-10,4888953,00:06:00,254860,88.18,6.84,16427.82,2519934692,8916603,19.18289649219179,0.019435654218807177,15.402488728096696,12.44846965376627,4.479380179929792,6
19,2020-05-17,5169365,00:05:50,262307,86.68,6.93,16521.43,2525104057,8925582,19.707308611664956,0.018108607150007786,15.458260414956602,12.477270852498492,4.462223176668158,6
20,2020-05-24,5272603,00:05:44,268006,83.89,6.45,16611.78,2530376660,8935352,19.673451340641627,0.017133852103031463,15.478034726469053,12.498764647302087,4.429506416858203,6
21,2020-05-31,5633095,00:05:30,280269,81.22,6.77,16699.77,2536009755,8946391,20.098887140568525,0.01562018748130468,15.544169582637888,12.54350513524649,4.397161522258152,6
22,2020-06-07,8168000,00:05:15,320719,104.97,9.17,16813.91,2544177755,8955241,25.4677770883546,0.013974045053868756,15.915734638826638,12.678320629326993,4.653674595047707,6
23,2020-06-14,6163299,00:05:05,293302,77.93,6.55,16898.4,2550341054,8964884,21.013491213834204,0.013706944933224885,15.63412274410099,12.588958073898993,4.355810987855469,6
24,2020-06-21,6389732,00:05:04,302763,82.46,6.94,16987.8,2556730786,8974670,21.10473208417145,0.013991197126890455,15.670202884942107,12.620705600212696,4.412313327278754,6
25,2020-06-28,6724902,00:04:59,313709,79.52,6.95,17074.26,2563455688,8983785,21.436751894271442,0.012858179940763449,15.72132791085529,12.656221083598274,4.376008562348319,6
26,2020-07-05,6927619,00:04:45,320317,74.27,6.33,17154.87,2570383307,8993007,21.62738474698502,0.011634589026908091,15.751026733485842,12.67706640943077,4.307707101681205,6
27,2020-07-12,6798038,00:04:42,321109,69.56,6.13,17230.57,2577181345,8999948,21.170499736849482,0.011134094866783621,15.732144599101952,12.679535908336321,4.242189689486082,6
28,2020-07-19,6441690,00:04:39,336224,72.29,6.56,17309.42,2590475174,9012106,19.158923812696298,0.012240576618868652,15.67830148601406,12.725532883488501,4.280685807012206,6
29,2020-07-26,6852139,00:04:48,326115,79.36,6.25,17395.02,2584033484,9023383,21.01141928460819,0.012493908836350227,15.740071424268258,12.695005358879602,4.373994462976618,6
30,2020-08-02,6446406,00:04:47,333403,65.66,6.06,17466.75,2596921580,9034477,19.335176948017864,0.0111255791211413,15.679033324170835,12.717107247458706,4.184489912073446,6
31,2020-08-09,6389489,00:04:49,331488,70.0,6.35,17543.09,2603311069,9037870,19.275174365286226,0.011949312378501628,15.670164854454955,12.711346888857829,4.248495242049359,6
32,2020-08-16,6351869,00:04:46,324810,75.13,6.7,17624.92,2609662938,9059026,19.55564483852098,0.012882822362992688,15.66425965827075,12.690995674973054,4.319219946381069,6
33,2020-08-23,6676620,00:04:45,333338,77.1,7.06,17709.09,2616339558,9048666,20.0295795858858,0.012605180465564912,15.714122429433738,12.716912269198165,4.345103280569283,6
34,2020-08-30,6687770,00:04:44,332705,76.45,7.09,17792.63,2623027328,9084170,20.10120076343908,0.012491458288786846,15.715791043203174,12.715011490447894,4.336636932375072,6
35,2020-09-06,6834866,00:04:43,340704,75.06,7.08,17874.77,2629862194,9072014,20.061008969662815,0.012017792301999775,15.737547422973611,12.738769344114333,4.318287793706875,6
36,2020-09-13,6204376,00:05:43,340440,75.5,7.13,17957.39,2636066570,9095367,18.2245799553519,0.013318019410815849,15.6407654075027,12.737994177590897,4.324132656254979,6
37,2020-09-20,6392008,00:05:56,374923,78.78,6.85,18044.12,2642458578,9108566,17.048855364968272,0.013396416274823185,15.67055901799192,12.83447595053544,4.36665915754276,6
38,2020-09-27,6442356,00:05:56,402303,73.72,7.95,18124.68,2648900934,9123892,16.013691173071045,0.012677039269484642,15.678404869687261,12.904960815031627,4.300274132801622,6
39,2020-10-04,6285801,00:05:51,384666,69.92,6.22,18200.82,2655181307,9138404,16.340932133331254,0.012113014713637928,15.653803838186612,12.860130704278317,4.24735173134728,6
40,2020-10-11,6280373,00:05:51,373292,68.53,5.76,18275.11,2661467108,9152562,16.824290367862154,0.01182891525710336,15.652939931585033,12.830116234188175,4.227271605597732,6
41,2020-10-18,5874135,00:05:52,359705,65.2,6.26,18346.57,2667341243,9164578,16.330423541513184,0.012165195386214312,15.586069373111949,12.79303953005972,4.177459468932607,6
42,2020-10-25,6274887,00:05:51,368374,71.23,7.19,18424.99,2673616130,9178012,17.034011629485253,0.01249743620881141,15.652066034851849,12.816854005411269,4.265914077990263,6
43,2020-11-01,5978116,00:05:46,368236,71.69,7.82,18504.5,2679594246,9189753,16.234469199100577,0.01330017684501271,15.60361602612086,12.816479315951135,4.272351267864781,6
44,2020-11-08,6333555,00:05:40,417195,74.61,6.71,18585.82,2685927801,9205391,15.181282134253767,0.012839550615728449,15.66137224785012,12.941309017377302,4.312274546483423,6
45,2020-11-15,6053652,00:05:43,390323,71.36,7.33,18664.51,2691981453,9219907,15.509339700709413,0.012998765042985623,15.616172284255514,12.87472988046141,4.267737488271754,6
46,2020-11-22,5932215,00:05:45,380393,72.73,6.77,18744.02,2697913668,9233024,15.594963629719789,0.013401402342969701,15.595908225682956,12.84896020780162,4.286753954166449,6
47,2020-11-29,4988340,00:05:47,374868,62.95,6.55,18813.51,2702902008,9245113,13.306924037261116,0.013932490568004587,15.422613747051654,12.834329242986007,4.142340760490356,6
48,2020-12-06,5772250,00:05:43,376273,72.31,6.08,18891.9,2708674258,9257319,15.340590475532393,0.013580492875395209,15.56857251048125,12.838070222744992,4.28096243218686,6
49,2020-12-13,5970896,00:05:45,376212,70.82,6.83,18969.55,2714645154,9274071,15.871093957662168,0.013004748366074369,15.60240755785944,12.837908093266973,4.2601414466837575,6
50,2020-12-20,5179261,00:05:54,345424,65.52,5.53,19040.6,2719824415,9287019,14.993923410069943,0.013718173306964062,15.460172939965512,12.75252792693624,4.182355439544814,6
51,2020-12-27,5340185,00:05:47,356229,61.49,5.26,19107.34,2725164600,9302150,14.990876655185287,0.012499566962567776,15.490770854531037,12.783329061459112,4.118874559965378,6
52,2021-01-03,5257965,00:05:52,348002,59.99,5.73,19173.06,2730422565,9317463,15.10900799420693,0.012499132268853063,15.475254627726416,12.759963505866533,4.094177881665002,6
53,2021-01-10,5546857,00:05:48,347334,63.43,5.53,19242.02,2735969422,9331406,15.969807159679156,0.01243226569569037,15.52874201900433,12.758042132011294,4.149936935645806,6
54,2021-01-17,5489486,00:05:57,349506,70.73,5.98,19318.74,2741458908,9345447,15.706414196036691,0.013973985906877257,15.518345184330327,12.764276007890619,4.258869811047899,6
55,2021-01-24,5380109,00:05:57,345502,66.73,6.22,19391.69,2746839017,9358336,15.571860654931086,0.013559204841388903,15.49821919215578,12.752753710885118,4.200654626915515,6
56,2021-01-31,5162302,00:06:05,339770,69.18,8.25,19469.12,2752001319,9369957,15.193519145304176,0.014999122484504008,15.456893162005015,12.736024197094642,4.2367118035090225,6
57,2021-02-07,4740848,00:06:07,317993,63.78,7.18,19540.07,2756742167,9380112,14.908655221970294,0.014967786353833746,15.371726580623621,12.669784648941418,4.155439661581911,6
58,2021-02-14,5301324,00:06:05,343617,66.74,7.06,19613.87,2762043491,9392503,15.428002689040413,0.013921050665833667,15.483467158645453,12.747282944003375,4.2008044733232275,6
59,2021-02-21,4788654,00:06:07,361003,57.58,4.66,19676.12,2766832145,9401011,13.264859294798104,0.012997389245495707,15.381759927810931,12.796641547529795,4.05317528518403,6
60,2021-02-28,5090012,00:05:59,396149,60.81,6.15,19743.08,2771922157,9413643,12.84873115923554,0.013155175272671266,15.442790746087777,12.88954568209385,4.107754249132018,6
61,2021-03-07,5713874,00:05:57,358961,67.11,6.67,19816.86,2777636031,9427974,15.917812798604862,0.012912430340606042,15.558407810427171,12.790969026471704,4.206333064170148,6
62,2021-03-14,6188833,00:05:50,365769,65.22,6.56,19888.64,2783824864,9444023,16.92005883494774,0.011598309406636113,15.63825709699987,12.809757265585066,4.177766170361173,6
63,2021-03-21,5983309,00:05:57,353954,61.45,6.2,19956.28,2789808173,9457963,16.90419941574329,0.011306452666910568,15.604484317369815,12.776922240169698,4.118223836012044,6
64,2021-03-28,5838725,00:05:51,365168,59.03,6.35,20021.66,2795646898,9471009,15.989147460894712,0.011197650171912531,15.580023009050903,12.80811280064366,4.078045789252598,6
65,2021-04-04,5648212,00:05:49,363226,63.21,6.72,20091.59,2801295110,9483600,15.55013132319823,0.012380909215164021,15.546849592861545,12.80278050905021,4.146462516484207,6
66,2021-04-11,6221739,00:05:47,370636,65.31,6.53,20163.43,2807516849,9500218,16.786655910381075,0.011546611003772418,15.64356000763317,12.822975727888975,4.179145163914566,6
67,2021-04-18,6214652,00:05:43,372583,61.77,5.43,20230.63,2813731501,9516230,16.679912932152032,0.010813155748704836,15.642420287795293,12.828215110773277,4.123417809707808,6
68,2021-04-25,6518892,00:05:42,377528,68.87,7.64,20307.14,2820250393,9532396,17.267307325549364,0.011736657088351825,15.690214980811321,12.841400017106027,4.232220669556607,6
69,2021-05-02,6758954,00:05:36,386712,64.87,6.5,20378.51,2827009347,9549230,17.47800430294379,0.010559326191597104,15.726378702318838,12.865435508921514,4.172385267224964,6
70,2021-05-09,5605557,00:05:35,379065,55.56,6.62,20440.69,2832614904,9564366,14.787851687705276,0.011092564039577155,15.539268985108512,12.845462973317225,4.017463517886143,6
71,2021-05-16,7057845,00:05:32,402584,63.66,7.32,20511.67,2839672749,9582801,17.531359914949427,0.010056894136949733,15.769650322080771,12.90565904971902,4.1535564218539465,6
72,2021-05-23,5556566,00:04:23,385352,45.6,4.85,20562.12,2845229315,9599681,14.419455458905105,0.00907934864806789,15.530490849518038,12.861912481279605,3.8199077165203406,6
73,2021-05-30,6765640,00:04:53,395566,56.93,6.55,20625.6,2851994955,9617639,17.103694453011634,0.009382704370909479,15.727367419694703,12.888072929637783,4.0418224429629905,6
74,2021-06-06,7525005,00:04:15,415191,63.79,6.29,20695.68,2859519960,9637921,18.12420066908965,0.00931295062262417,15.83374203305082,12.936493934298303,4.1555964382538635,6
75,2021-06-13,7944214,00:04:09,423948,64.06,6.38,20766.13,2867464174,9657913,18.73865191013992,0.008866830626667408,15.887954422914298,12.957366085183576,4.159820144181012,6
76,2021-06-20,7943219,00:04:55,429850,60.32,5.58,20832.02,2875407393,9680498,18.479048505292543,0.00829638462693777,15.88782916668174,12.97119158960259,4.099663723699701,6
77,2021-06-27,7512627,00:05:28,453555,53.0,5.13,20890.14,2882920020,9699767,16.56387207725634,0.007737639576675376,15.83209576284078,13.024871820125197,3.970291913552122,6
78,2021-07-04,7430943,00:05:17,417960,50.68,4.57,20945.39,2890350963,9718278,17.779076945162217,0.007435126335917259,15.821163326540951,12.943141013148047,3.925531355452938,6
79,2021-07-11,7812188,00:04:51,423095,54.62,5.24,21005.25,2898163151,9741563,18.464382703648116,0.007662386005047498,15.87119563622933,12.955352019101106,4.000400116045559,6
80,2021-07-18,8543783,00:04:33,499009,55.54,5.58,21066.37,2906697934,9765548,17.121500814614567,0.0071537397426877525,15.960714441919505,13.120379410643151,4.017103481878653,6
81,2021-07-25,7047559,00:04:39,475745,53.57,5.51,21125.45,2913745493,9788767,14.813732146422979,0.008383044398776938,15.768191873698399,13.072637275381677,3.980989209892869,6
82,2021-08-01,7644607,00:04:21,402898,50.8,5.14,21181.39,2921390100,9809524,18.97405050409781,0.007317576953269148,15.84951098987615,12.906438707156196,3.927896354584436,6
83,2021-08-08,7765908,00:04:06,410928,67.07,6.56,21255.02,2929156008,9830942,18.89846396449013,0.00948118365553648,15.86525394269315,12.926173295650377,4.205736850111646,6
84,2021-08-15,7894787,00:04:17,435251,51.54,6.55,21313.12,2937050795,9848073,18.138469526778803,0.007358019918713449,15.881713226207241,12.983678155157952,3.942358205224219,6
85,2021-08-22,9208116,00:03:34,430609,50.27,5.04,21368.42,2946258911,9870612,21.38393763251581,0.006006657605095332,16.0355958270456,12.972955764762252,3.917408477704484,6
86,2021-08-29,8777860,00:03:43,438745,48.16,4.51,21421.1,2955036771,9892788,20.006746515629807,0.006000323541273157,15.987743200139812,12.991673657685881,3.8745288010005656,6
87,2021-09-05,7957774,00:04:05,441150,49.6,4.65,21475.35,2962994545,9915482,18.038703388869997,0.006817233060401062,15.8896598704705,12.997140232650251,3.903990833730882,6
88,2021-09-12,8393949,00:04:07,450115,50.49,6.39,21532.23,2971388494,9940897,18.648454283905224,0.006776309934692241,15.943021647088809,13.0172583846533,3.921775296870824,6
89,2021-09-19,8783401,00:04:03,463737,52.21,5.42,21589.86,2980171895,9967568,18.940479194025926,0.006561239774889021,15.98837424823868,13.047072860165855,3.955274047422461,6
90,2021-09-26,9730824,00:03:56,479825,59.4,5.75,21655.01,2989902719,9996238,20.279943729484707,0.006695219233232458,16.09080913711297,13.081176733074079,4.084294226368599,6
91,2021-10-04,4136082,00:20:17,228355,89.97,15.57,22280.49,2936893666,10023338,18.112509031989664,0.025516902227760475,15.235259520892633,12.338656714585381,4.499476281429027,0
92,2021-10-10,4058686,00:20:28,228253,92.45,15.95,22388.89,2940952352,10048619,17.781523134416634,0.026708151357360484,15.21636983387327,12.338209941853863,4.5266679578331335,6
93,2021-10-17,4054532,00:20:58,230096,92.83,16.21,22497.93,2945006884,10074139,17.62104512898964,0.026893362785150046,15.215345825800766,12.34625189212616,4.530769863411841,6
94,2021-10-24,4128091,00:20:49,229724,98.83,17.8,22731.19,2953263066,10120947,17.969785481708485,0.028252768652629025,15.233325630474202,12.344633867328813,4.593401202388092,6
95,2021-10-31,4083027,00:20:44,228907,97.02,17.02,22842.63,2957301029,10143363,17.837056097017566,0.027930258604706753,15.222349183064566,12.341071086512823,4.57491714281707,6
96,2021-11-07,4076435,00:20:53,230943,98.59,18.25,22961.86,2961361039,10166503,17.6512602676851,0.028662299288471423,15.220733389907076,12.349926205808586,4.59096983658695,6
97,2021-11-14,4154634,00:21:04,234881,105.43,19.07,22969.34,2961429568,10170958,17.68825064607184,0.029966538568740354,15.23973489574923,12.366834281892412,4.6580472255888585,6
98,2021-11-21,4237874,00:21:04,238560,100.66,17.75,23087.39,2965657060,10198305,17.76439470154259,0.02794089677984763,15.259572286363214,12.382376129998566,4.611748501348214,6
99,2021-11-28,3775898,00:21:18,234001,89.91,15.08,23192.83,2969423283,10226863,16.136247280994525,0.027805306181469945,15.144148793170814,12.36308066783498,4.498809169996681,6
100,2021-12-05,4273933,00:21:16,243546,105.39,17.2,23315.14,2973686567,10258670,17.548771074047615,0.028683182445770675,15.268045038556794,12.403061115367525,4.657667754945845,6
101,2021-12-12,4401032,00:21:25,243384,105.25,17.8,23437.87,2978074813,10289652,18.08266771850245,0.02795935135213741,15.29734961684155,12.402395721959943,4.656338472562491,6
102,2021-12-19,4280458,00:21:35,238392,107.81,17.33,23562.68,2982343734,10318906,17.955543810194975,0.029235189318526197,15.269570571178683,12.381671656563302,4.680370418551027,6
103,2021-12-26,3718831,00:21:54,226217,93.79,16.58,23672.77,2986050555,10351030,16.439219864112776,0.029678681284521936,15.128919929551468,12.329249994570509,4.541058240520847,6
104,2022-01-02,3866501,00:22:11,228609,95.01,18.04,23785.43,2989904252,10392618,16.913161774033394,0.02923832167636838,15.167860521663032,12.339768399646607,4.553982149218658,6
105,2022-01-09,3477266,00:22:09,217029,88.87,14.91,23888.92,2993372440,10414111,16.022126075317125,0.02984528649807061,15.061756910796054,12.287786264146488,4.487174627750384,6
106,2022-01-16,3345285,00:22:18,206094,91.86,14.67,23995.19,2996708593,10431711,16.231840810503943,0.03184482039646846,15.023062449708721,12.236087654373272,4.520265678897648,6
107,2022-01-23,3372595,00:22:10,206728,98.68,14.62,24108.14,3000070573,10449897,16.31416644092721,0.0335943094264209,15.031193035681394,12.239159198517964,4.591882291661156,6
108,2022-01-30,3357235,00:22:16,204380,98.56,14.63,24221.09,3003418699,10466807,16.42643605049418,0.03371524483689703,15.026628276490928,12.2277362851662,4.59066549978521,6
109,2022-02-06,3478457,00:21:59,211075,94.43,14.54,24330.07,3006897156,10486128,16.4797204785029,0.03132710854266705,15.062099362619291,12.2599687995377,4.547858819274978,6
110,2022-02-13,3818432,00:21:49,219243,97.87,16.2,24444.14,3010715588,10509510,17.41643746892717,0.029873518763722913,15.155350425112205,12.297935982700807,4.583640067437728,6
111,2022-02-20,3828421,00:22:01,218063,98.7,15.48,24557.28,3014508154,10530559,17.556490555481673,0.02982430615650682,15.157963004609082,12.29253929084711,4.592084946439436,6
112,2022-02-27,3702101,00:22:15,217733,102.56,15.5,24674.42,3018169953,10557298,17.0029393798827,0.03188999975959597,15.124411054293391,12.291024820484488,4.63044799317236,6
113,2022-03-06,4022287,00:21:59,226351,102.97,15.88,24792.04,3022149044,10583572,17.77013134468149,0.02954786667385992,15.207361204302472,12.329842170791169,4.63443768366866,6
114,2022-03-13,3894963,00:22:04,222794,101.75,16.29,24909.12,3026011170,10608217,17.482351409822527,0.030305807783026436,15.175194737883714,12.314002856690601,4.622518824322705,6
115,2022-03-20,4241789,00:22:12,232342,109.1,18.57,25035.7,3030214659,10641759,18.256660440213135,0.030098149625075645,15.260495672181301,12.35596570310479,4.692264892839025,6
116,2022-03-27,4164598,00:22:11,232452,106.1,17.65,25158.54,3034343235,10671938,17.915948238776178,0.029714752780460443,15.242130310317417,12.356439031082576,4.664382045619937,6
117,2022-04-03,4083721,00:22:10,231675,105.11,17.03,25279.69,3038391499,100700585,17.62693859933096,0.029908997211121915,15.22251914055601,12.353090806454892,4.655007420835263,6
118,2022-04-10,4279006,00:22:11,238727,110.42,18.56,25407.67,3042629988,10736221,17.924264955367427,0.030142514406383162,15.269231297594747,12.383075918623922,4.704291276855899,6
119,2022-04-17,4786945,00:22:16,258440,119.1,21.31,25546.79,3047374001,10785837,18.52246169323634,0.029331859881406616,15.381402978858047,12.462418837672102,4.779963476361254,6
120,2022-04-24,4353342,00:22:17,246063,115.45,19.35,25680.37,3051714883,10824042,17.6919813218566,0.030964716303015023,15.286454383954107,12.413342879688093,4.748837535800504,6
121,2022-05-01,2659102,00:21:46,206636,66.64,11.28,25758.28,3054372740,10843270,12.868532104763933,0.029303125641663992,14.793499029775242,12.238714070245935,4.1993049978585875,6
122,2022-05-08,1651913,00:24:30,90637,68.2,10.47,25837.26,3056046274,10977991,18.225592197446957,0.04762357339641979,14.317444568238036,11.414617797184146,4.222444564849416,6
123,2022-05-15,2079612,00:24:11,110110,79.56,12.13,25928.95,3058125643,11030871,18.886676959404234,0.044089955241650845,14.5476918958155,11.609235145107636,4.3765114539857715,6
124,2022-05-22,2412784,00:23:59,129313,81.45,12.83,26023.28,3060565255,11083833,18.65847981254785,0.03907519280631834,14.696291825474052,11.769991101082647,4.399989335048054,6
125,2022-05-30,2511017,00:24:12,143516,84.83,14.44,26122.55,3063076272,11136057,17.496425485660136,0.03953378252715931,14.736198408327876,11.874201806224184,4.440649253819643,0
126,2022-06-06,2684974,00:24:00,152767,87.06,14.58,26224.19,3065761246,11185835,17.57561515248712,0.03785511517057521,14.803181602451774,11.936669163803597,4.4665975361241514,0
127,2022-06-13,2939275,00:24:03,158366,89.12,14.94,26328.25,3068700521,11232063,18.560012881552858,0.035403288225838006,14.893673510264964,11.972664088857966,4.489983776178974,0
128,2022-06-19,3065038,00:23:12,164308,91.16,14.82,26434.23,3071765559,11276221,18.65422255763566,0.03457705907724472,14.935570525318008,12.009497994258108,4.512616204377483,6
129,2022-06-26,3118333,00:23:21,170532,95.95,16.0,26546.18,3074883892,11321069,18.285911148640725,0.03590059175848122,14.952809122127503,12.046678241379862,4.563827222453709,6
130,2022-07-03,3158528,00:23:21,177501,97.55,15.38,26659.11,3078042420,11367127,17.794423693387643,0.03575399679850867,14.965616654249146,12.086731521684555,4.5803650670691205,6
131,2022-07-10,3249717,00:23:27,183451,98.1,16.35,26773.56,3081292137,11414846,17.714359692779,0.035218451329761945,14.994078473591427,12.119702880845159,4.585987366571318,6
132,2022-07-17,3296880,00:23:17,189892,96.61,16.11,26886.29,3084589017,11462723,17.361868851768374,0.03418990075465288,15.008487124667196,12.1542107684775,4.570682255529419,6
133,2022-07-24,3381214,00:23:13,192633,99.32,16.23,27001.85,3087970231,11508417,17.552620786677256,0.03417411616064526,15.033745374570158,12.16854210323308,4.598346960639966,6
134,2022-07-31,3562922,00:23:15,199934,102.04,17.68,27121.57,3091505431,11557432,17.820490761951444,0.033601633715248325,15.08609155268402,12.205742591068192,4.625364893273611,6
135,2022-08-07,3668886,00:23:14,208261,106.21,18.23,27244.46,3095068353,11606145,17.616769342315653,0.03391765238821812,15.115398631718152,12.246547379762553,4.6654182663334485,6
136,2022-08-14,3752859,00:23:40,214463,112.34,19.64,27368.9,3098737239,11655953,17.498864606015957,0.03516785469424778,15.138028507467345,12.275892508298885,4.721529987104287,6
137,2022-08-21,3296456,00:23:14,219238,96.87,15.99,27613.74,3105786554,11763607,15.035970041689852,0.0342367682141063,15.00835850995665,12.297913176695527,4.573369873438294,6
138,2022-08-28,4047052,00:23:12,226977,116.79,19.69,27750.22,3109833606,11819266,17.830229494618397,0.03372331267302719,15.213499272799423,12.332603969744259,4.760377450290474,6
139,2022-09-04,4055208,00:23:15,231135,119.57,20.07,27889.86,3113888814,11873405,17.544759556103575,0.03443473183126487,15.215512538914027,12.350757234384064,4.7839019739314885,6
140,2022-09-11,4250937,00:22:55,231406,124.06,20.4,28034.31,3118139751,11922607,18.370037941972118,0.033983095962137284,15.262649987188766,12.351929022532612,4.820765319544972,6
141,2022-09-18,4220300,00:22:52,230698,120.28,20.17,28174.77,3122360051,11970026,18.293613295303818,0.033279624671231904,15.25541677353281,12.34886477485682,4.789822358120328,6
142,2022-09-25,4053315,00:22:55,227490,118.95,18.66,28312.39,3126413366,12012523,17.81755241988659,0.033949989083009835,15.215045622797641,12.334861560363091,4.778703236748966,6
143,2022-10-02,4007644,00:22:47,229566,109.52,19.03,28440.93,3130421010,12056612,17.457480637376616,0.032076202377257064,15.203714095446609,12.343945848838393,4.696107180980193,6
144,2022-10-09,4224905,00:22:57,237243,119.5,19.86,28440.39,3130421033,12102179,17.808344187183604,0.03298535706720033,15.256507333313515,12.376840211295068,4.783316371371566,6
145,2022-10-16,4184761,00:23:10,238359,119.74,20.09,28440.39,3130421312,12102179,17.556547057170068,0.03341409461615609,15.246960151553322,12.381533219517326,4.785322725497206,6
146,2022-10-23,4205425,00:23:10,238476,120.37,20.21,28440.39,3130421661,12197462,17.634583773629213,0.03342825041464299,15.25188591643652,12.382023955316285,4.790570332391644,6
147,2022-10-30,4331459,00:23:04,245251,123.4,21.25,28440.39,3130421677,12248067,17.6613306367762,0.03339521394523185,15.281414994724418,12.410037454891263,4.8154311114712876,6
148,2022-11-06,4555980,00:23:00,250342,124.21,22.4,28440.39,3130421677,12248067,18.199023735529796,0.0321796847220576,15.331951213723947,12.430583261984879,4.821973681556102,6
149,2022-11-13,4243050,00:23:06,238843,123.01,19.96,28440.39,3130421753,12287309,17.765017187022437,0.03369510140111476,15.260792908230043,12.383561711292142,4.8122656528806935,6
150,2022-11-20,4033075,00:22:52,230120,120.24,17.1,28440.39,3130421840,12320340,17.52596471406223,0.03405342077695059,15.210039670260821,12.34635619097723,4.789489745444719,6
151,2022-11-27,3735131,00:23:20,227900,121.24,19.13,28580.39,3134153334,12357806,16.38934181658622,0.0375810112148677,15.133293449561835,12.336662215233776,4.797772052189602,6
152,2022-12-04,4110764,00:23:02,235463,124.02,19.4,28580.39,3134153450,12396241,17.458216365203874,0.034888891699937044,15.229119457275228,12.369309067568604,4.820442842921731,6
153,2022-12-11,4254462,00:22:57,238796,122.44,19.64,28721.39,3138403003,12436231,17.816303455669274,0.033395526860975605,15.263478872512506,12.383364909941534,4.807621114077212,6
154,2022-12-18,3933744,00:23:02,229497,118.5,17.38,28856.39,3142331004,12469435,17.140720793735866,0.03454215627656502,15.185102202097436,12.343645236501875,4.774912960575186,6
155,2022-12-25,3723756,00:23:13,224668,108.69,16.82,28856.39,3142333488,12506835,16.574483237488206,0.03370521591640268,15.130243394287284,12.322379035926826,4.688499793575096,6
156,2023-01-01,3988549,00:23:21,239421,114.15,20.61,28856.39,3142336727,12566911,16.659144352416874,0.03378672294109963,15.198938063578153,12.385978787557143,4.737513372975805,6
157,2023-01-08,4032283,00:23:12,238876,118.1,19.35,28856.39,3142339574,12606982,16.88023493360572,0.03408738920358516,15.209843274762308,12.383699867823712,4.771531723203316,6
158,2023-01-15,3762205,00:23:28,215395,122.75,18.01,28856.39,3142339692,12635792,17.466538220478654,0.03741422915550854,15.140515779649796,12.280228830807339,4.81014976667463,6
159,2023-01-22,3783569,00:23:10,217628,126.16,18.45,28998.39,3146115890,12666334,17.38548808057787,0.0382205267037551,15.146178302032487,12.290542462156406,4.837550942654783,6
160,2023-01-29,3886575,00:23:03,220655,124.52,18.13,29140.39,3149994749,12696431,17.613808887176816,0.03670326701530268,15.173038865034721,12.304355674762729,4.824466345573407,6
161,2023-02-05,3867097,00:23:08,222511,121.06,17.31,29278.39,3153853985,12725196,17.379352032034372,0.03578136260869588,15.168014654319313,12.312731817568652,4.7962862904635415,6
162,2023-02-12,4246577,00:23:16,232553,130.73,19.72,29278.39,3153854130,12759912,18.260684661131013,0.03542853455853973,15.26162380461758,12.35687343502055,4.873134127573769,6
163,2023-02-19,4423464,00:23:19,245812,135.39,19.9,29433.39,3158266656,12802542,17.995313491611476,0.03510597124787271,15.302433657520478,12.412322295101413,4.9081595025070195,6
164,2023-02-26,4130936,00:23:30,240235,133.03,19.59,29433.39,3158269897,12840483,17.19539617457906,0.036945622009152405,15.23401457364209,12.389372889919816,4.890574666695814,6
165,2023-03-05,4276715,00:23:13,241670,134.06,20.75,29433.39,3158278054,12875580,17.696507634377458,0.036198343822302866,15.268695749496635,12.395328438177026,4.8982874609298115,6
166,2023-03-12,4330962,00:23:23,242470,132.97,19.89,29433.39,3158281476,12909978,17.861846826411515,0.035294698960646624,15.281300246203065,12.39863327036659,4.890123538868615,6
167,2023-03-19,4349778,00:23:24,245401,132.73,20.34,29585.39,3162619556,12947711,17.725184493950717,0.03519030166597008,15.285635367279804,12.41064888623027,4.888316989638111,6
168,2023-03-26,4460714,00:23:29,247628,135.88,21.25,29741.39,3167068565,12983936,18.013770655983976,0.0352253024964165,15.31081940086936,12.419682899020852,4.911772143292383,6
169,2023-04-02,4518949,00:23:23,251609,135.96,20.55,29741.39,3167079218,13022610,17.960204126243497,0.034634159402993935,15.32379000264706,12.435631574233836,4.9123607248279155,6
170,2023-04-09,4793907,00:23:21,269188,137.93,23.12,29741.39,3167079427,13076380,17.808769335928794,0.03359472764073229,15.382856294539238,12.503165299236116,4.926746310087428,6
171,2023-04-16,4833247,00:23:30,266777,143.66,22.95,29907.39,3171895538,13122959,18.11718026666467,0.03447165021775216,15.3910290564942,12.494168382411026,4.967449396646655,6
172,2023-04-23,4831826,00:23:10,267777,141.36,21.21,32570.61,3249086906,13168612,18.04421589606277,0.03364566522056051,15.390735008014639,12.497909823562084,4.951309828011441,6
173,2023-04-30,4802629,00:22:56,266526,138.95,21.37,32730.93,3253889535,13209532,18.01936396449127,0.03338171655566149,15.384674034273988,12.493227078804884,4.934114156188513,6
174,2023-05-07,4978576,00:22:51,274295,137.85,23.54,32892.32,3258868110,13263303,18.150443865181646,0.0324168999328322,15.42065446433602,12.521959448542278,4.926166137469806,6
175,2023-05-14,5031061,00:23:16,273506,141.12,22.88,37199.73,3376584236,15542720,18.394700664702054,0.032597497824017635,15.43114145422603,12.51907883844632,4.949610592258481,6
176,2023-05-21,4879811,00:23:30,274989,138.82,22.53,37361.08,3381464047,15591948,17.745477091810944,0.03306480517380694,15.400617047571126,12.524486375848687,4.933178129911438,6
177,2023-05-28,4933894,00:23:39,278184,140.57,23.3,37524.96,3386397941,15641105,17.736081154919045,0.033213117265997204,15.411639092257364,12.53603804423669,4.945705585343674,6
178,2023-06-04,5098548,00:22:23,278023,142.29,23.75,37691.01,3391496489,15689292,18.338583498487534,0.03256613451516,15.444466351275787,12.53545912306347,4.9578672285576,6
179,2023-06-11,4875135,00:23:45,276512,148.58,24.08,33720.25,3283686558,13503027,17.63082614859391,0.03541645513406296,15.399658354338351,12.530009498641126,5.001123533723661,6
180,2023-06-18,4970213,00:23:28,277625,149.11,23.4,33892.76,3288656771,13551199,17.902613237280505,0.03470877405052862,15.418973254297327,12.534026561196729,5.0046842886028164,6
181,2023-06-25,4930763,00:23:35,277975,146.3,23.36,34062.43,3293587534,13597643,17.73815271157478,0.034408467817252625,15.411004300778018,12.53528646057145,4.9856593080260785,6
182,2023-07-02,4984429,00:23:31,284276,148.73,23.01,34234.18,3298571963,13648039,17.53376648046265,0.03445530069743194,15.421829411186561,12.557700876207253,5.002132581604506,6
183,2023-07-09,4786929,00:23:28,279872,142.69,25.14,34402.01,3303358892,13698385,17.103993968671393,0.03506005624900641,15.38139963642843,12.542087634772592,4.960674444942484,6
184,2023-07-16,4883904,00:23:27,283135,145.95,23.63,34571.59,3308242796,13748183,17.249382803256395,0.034722222222222224,15.401455457999894,12.553679094683996,4.983264097300124,6
185,2023-07-23,3839117,00:25:23,271599,137.78,20.73,34730.11,3312081913,13790916,14.13523982047062,0.04128813995509904,15.160752950205167,12.512081992774775,4.92565821016505,6
186,2023-07-30,4415252,00:24:05,277793,138.19,22.24,34890.54,3316497161,13840587,15.894036206815867,0.03633541188589009,15.300575468533998,12.534631511000745,4.928629549815393,6
187,2023-08-06,5239199,00:23:38,292911,158.76,25.99,35075.29,3321736360,13897652,17.886658404771413,0.03526302398515498,15.471679182017128,12.58762408759032,5.067393627914864,6
188,2023-08-13,5197777,00:23:29,295216,156.91,24.63,35256.84,3326934137,13954001,17.60669137174137,0.03492646952726137,15.46374159214748,12.595462570781663,5.055672392570977,6
189,2023-08-20,5252529,00:23:28,297266,154.14,24.64,35435.62,3332186666,14011451,17.669457657451574,0.034036937254415915,15.474220232866442,12.602382639849585,5.037861280349847,6
190,2023-08-27,5226917,00:23:31,297622,157.92,25.13,35618.66,3337413583,14068286,17.56226690231233,0.03502064410052809,15.469332178479641,12.603579503939958,5.062088575685172,6
191,2023-09-03,5353246,00:23:30,300441,159.52,26.44,35804.62,3342766829,14124513,17.817960930765107,0.03473780207373246,15.493213663858546,12.613006674246012,5.072169306213528,6
192,2023-09-10,5223012,00:23:27,298211,154.63,24.35,35983.61,3347989840,14175490,17.514484710490223,0.0342675835322607,15.468584804945952,12.605556568627064,5.041035166487339,6
193,2023-09-17,5513829,00:23:19,302708,159.74,25.77,36169.11,3353503602,14227398,18.215009183767854,0.033644496410751956,15.522769858115465,12.620523923467974,5.073547493489243,6
194,2023-09-24,5217859,00:23:30,301045,156.13,23.71,36348.95,3358721461,14276403,17.33248849839725,0.034466243721802375,15.467597722466262,12.615015034217883,5.050688993553429,6
195,2023-10-01,4919711,00:23:28,295434,149.41,22.87,36521.23,3363641172,14321530,16.65248752682494,0.035018317132855976,15.40876034690584,12.5962007406281,5.006694204862994,6
196,2023-10-08,5423843,00:23:34,306410,158.28,25.45,36704.96,3369065015,14372769,17.70125975000816,0.03387450558579959,15.506315162755714,12.632679353391714,5.0643656165172235,6
197,2023-10-15,5271828,00:23:39,306576,155.58,25.57,36886.11,3374336843,14420604,17.195827462032252,0.03436189496318924,15.477887729442585,12.63322096446948,5.047160068778628,6
198,2023-10-22,5398708,00:23:19,308183,151.82,24.81,37062.73,3379735451,14469804,17.517864385770793,0.03271708712528997,15.50167022364818,12.63844904135917,5.022695608588622,6
199,2023-10-29,5743315,00:23:14,319553,160.2,25.43,37248.36,3385478766,14525256,17.97296536098863,0.03232105500046576,15.563547127724117,12.674678423236518,5.076423034634259,6
200,2023-11-05,5632052,00:23:11,319096,154.96,25.13,37428.45,3391110818,14576282,17.650023817283827,0.03197591215422017,15.543984409731937,12.673247276932361,5.043167019098741,6
201,2023-11-12,5302238,00:23:36,306918,159.72,24.33,37612.5,3396413056,14616604,17.275747919639773,0.03471175756350432,15.483639553544876,12.634335889914317,5.073422282195021,6
202,2023-11-19,5343473,00:23:32,304283,164.19,24.53,37801.22,3401756527,14655834,17.560866035894218,0.035317854137187556,15.491386374066352,12.625713468402717,5.1010242938239365,6
203,2023-11-26,4691377,00:23:41,297100,146.81,22.41,37970.44,3406447904,14695544,15.790565466173005,0.03607043305195894,15.361236700740928,12.6018240614507,4.989139233751369,6
204,2023-12-03,5165412,00:23:38,307243,153.08,23.54,38147.06,3411613287,14737696,16.812138925866495,0.034192819469192386,15.457495425021595,12.635394244418547,5.0309606605575015,6
205,2023-12-10,5297784,00:23:30,308622,157.81,25.27,38330.14,3416911071,14781104,17.16593113906332,0.03455784531796691,15.482799177881104,12.639872506065606,5.061391777760042,6
206,2023-12-17,5171875,00:23:40,308622,154.4,24.68,38509.23,3422082946,14820681,16.757959575143705,0.034625740181268884,15.458745849981666,12.639872506065606,5.039546637590676,6
207,2023-12-24,4991847,00:23:38,302184,147.02,22.64,38678.9,3427074793,14865137,16.51923000555953,0.03398741988686753,15.423316539523247,12.618791382349647,4.9905686319459415,6
208,2023-12-31,4783389,00:24:04,305651,142.53,23.7,38845.12,3431858182,14926663,15.649839195683967,0.03475151195104558,15.38065984906474,12.630199207167534,4.95955250386694,6
209,2024-01-07,4835625,00:23:55,309282,141.8,22.95,39009.86,3436693802,14971258,15.635003006964517,0.03407005299211581,15.391520944285856,12.642008761053427,4.954417614098027,6
210,2024-01-14,4699333,00:23:50,284171,150.41,22.13,39182.4,3441393135,15004872,16.536990051764608,0.036715848823652204,15.362931141715798,12.557331448622293,5.013364898667122,6
211,2024-01-21,4232226,00:24:05,273250,142.14,20.36,39344.91,3445625361,15032667,15.488475754803293,0.038395870163833404,15.258238653740905,12.518142406038786,4.956812487398749,6
212,2024-01-28,4710722,00:24:05,284729,155.97,23.18,39524.05,3450336083,15067447,16.544580987535515,0.03803026372602756,15.365351745115245,12.559293129687298,5.049663681063734,6
213,2024-02-04,4978319,00:23:46,292959,160.57,22.62,39707.24,3455314402,15104079,16.99322772128523,0.0367975615865516,15.42060284181714,12.58778794646723,5.078729984561593,6
214,2024-02-11,5260176,00:23:53,301753,164.97,24.31,39896.52,3460574578,15144057,17.432058670502034,0.03598358686097195,15.475675044230162,12.617364080915328,5.105763639187833,6
215,2024-02-18,4959118,00:23:53,301700,154.98,24.43,40075.93,3465533696,15183349,16.437248922770966,0.036177804198246545,15.416738460308155,12.617188425147152,5.043296076335804,6
216,2024-02-25,4972753,00:24:13,305726,171.19,25.54,40272.66,3470506449,15229858,16.265391232672393,0.039561586911716705,15.419484168255044,12.630444554965624,5.142774050786687,6
217,2024-03-03,5314141,00:23:45,310357,175.55,25.02,40473.23,3475820590,15268890,17.122671632990397,0.0377426944448783,15.48588193863449,12.64547852676707,5.167923902614441,6
218,2024-03-10,5268013,00:23:36,311287,165.72,24.25,40663.19,3481088603,15308732,16.923331202395218,0.036061034777249035,15.477163809571952,12.64847059519793,5.1102996172092015,6
219,2024-03-17,2588382,00:23:51,270152,82.98,13.28,40759.45,3483676985,15339944,9.581206135805028,0.03718925568173477,14.766543528038147,12.506740042539274,4.418599614904722,6
220,2024-03-24,4753637,00:23:47,293347,154.76,22.53,41002.18,3489168600,15380193,16.20482568425789,0.03729565383305456,15.374420567234742,12.589111487610047,5.041875529832312,6
221,2024-03-31,4495197,00:31:12,402345,170.21,27.09,41199.49,3493663797,15438718,11.172493755359207,0.043891291082459795,15.318520051401366,12.905065208505638,5.137032968819882,6
222,2024-04-07,4222665,00:34:08,132672,209.27,30.5,41439.26,3497886462,15513068,31.827853654124457,0.05678167697413837,15.255977003277184,11.795635195795452,5.343625284252578,6
223,2024-04-14,5298115,00:33:34,156854,245.6,36.02,41720.87,3503184577,15579249,33.77736621316638,0.05315475409650413,15.48286165488284,11.963070715365696,5.503704196272987,6
224,2024-04-21,5985633,00:33:30,173620,190.68,31.27,41710.19,3508298274,15610750,34.47548093537611,0.037080455818123165,15.604872655792578,12.064624281945799,5.250596630336625,6
225,2024-04-28,6322536,00:33:20,186472,198.45,34.26,41942.9,3514620810,15668785,33.90608777725342,0.03680643336787643,15.659630951460224,12.136036372746506,5.290537179229075,6
226,2024-05-05,7011479,00:32:51,203323,206.64,34.93,42184.47,3521632289,15724268,34.484436094293315,0.034453501179993545,15.763059221064845,12.22255112651789,5.330978148787585,6
227,2024-05-12,7303526,00:32:44,210096,213.62,35.2,42433.29,3528935815,15776187,34.762803670702915,0.03406847596626616,15.803867803203682,12.255319848098786,5.3641987356615495,6
228,2024-05-19,7426039,00:32:56,217966,220.02,35.57,42688.89,3536361854,15827505,34.06971270748649,0.034418079409494075,15.82050316552331,12.292094366304934,5.3937184513112895,6
229,2024-05-26,7998999,00:32:48,230549,236.58,38.41,42963.88,3544360853,15879980,34.695440014920905,0.034378051553700655,15.894826966815325,12.34821870017153,5.4662864171175904,6
230,2024-06-02,4033902,00:32:44,237971,122.67,19.85,42210.32,3522671513,15930092,16.951233553668303,0.03533055587369252,15.210244703695997,12.379904096489955,4.80949782304466,6
231,2024-06-09,4215837,00:32:51,246241,129.04,20.43,42359.79,3526887350,15980814,17.120775987751838,0.035454406799883396,15.254358706216843,12.414066010143083,4.8601224338169535,6
232,2024-06-19,4387957,00:33:01,255221,132.94,20.57,42513.31,3531275307,16021103,17.192774105579087,0.03498439022989514,15.29437430087619,12.44988511546852,4.889897898613436,2
233,2024-06-23,4339333,00:32:58,259733,130.66,20.07,42664.03,3535614640,16069742,16.706899007827268,0.03473575316759511,15.283231207629642,12.467409459273973,4.872598529412604,6
234,2024-06-30,4568293,00:32:52,275603,135.38,21.59,42821.0,3540182933,16106817,16.57562871231445,0.03436075575712854,15.334650170117374,12.52671670340347,4.908085639080461,6
235,2024-07-07,4454315,00:32:57,277826,132.12,20.73,42973.85,3544637248,16123196,16.032750714475966,0.034315040584242465,15.309383847244368,12.534750297435474,4.883710600522589,6
236,2024-07-14,4657016,00:32:51,285278,136.71,20.67,43131.22,3549294264,16140278,16.324483486283555,0.03379417206211016,15.353885457646824,12.561219422416196,4.9178618939439005,6
237,2024-07-21,4769327,00:32:46,291552,140.09,21.22,43292.54,3554063591,16194713,16.358409477554606,0.03382238206774247,15.377715762763623,12.582973656513586,4.942285073208023,6
238,2024-07-28,4923464,00:32:48,300564,144.55,22.46,43459.55,3558987055,16252889,16.380750855059155,0.03392123919256849,15.409522905771626,12.613415988650111,4.973625468462355,6
239,2024-08-04,4878082,00:32:47,303152,147.61,21.84,43629.0,3563865137,16308454,16.09120837071832,0.03473701344093847,15.400262667784816,12.621989608872143,4.994573660548905,6
240,2024-08-11,4847343,00:32:36,305100,141.25,21.64,43791.9,3568712480,16364235,15.88771878072763,0.033603976446478,15.39394127774567,12.628394870704762,4.9505313700265505,6
241,2024-08-18,4697428,00:32:45,307134,135.78,21.65,43949.33,3573409908,16420097,15.294392675509712,0.033514084728919744,15.362525682850537,12.63503941342343,4.911035928873501,6
242,2024-08-25,5084157,00:32:44,311698,147.63,23.61,44120.57,3578494065,16478191,16.311163369671927,0.03368109993456143,15.441639792010577,12.649790049308793,4.994709143545997,6
243,2024-09-01,5125738,00:32:44,314601,153.02,23.42,44297.01,3583619803,16534631,16.2928217011389,0.03442236025329425,15.449785072621742,12.659060448240805,5.030568631803706,6
244,2024-09-08,5152799,00:33:07,315923,153.85,24.42,44475.28,3588772602,16586963,16.310300294692063,0.03459673082532425,15.455050620145554,12.6632537919904,5.035978101768051,6
245,2024-09-15,5221695,00:32:48,317262,154.14,25.98,44655.39,3593994297,16640596,16.458620950507783,0.03449454631111162,15.468332619794758,12.667483209920386,5.037861280349847,6
246,2024-09-22,4863331,00:32:28,317280,147.23,24.09,44826.71,3598857628,16686436,15.328199067070095,0.03522688461879317,15.397234152050071,12.667539943753622,4.991995989877317,6
247,2024-09-29,4841909,00:32:36,298721,143.1,21.99,44991.8,3603699537,16740373,16.208800184787812,0.03409605591513595,15.39281962241671,12.607265306386443,4.963543686562405,6
248,2024-10-06,5003913,00:32:39,307076,149.26,23.64,45164.71,3608703450,16795839,16.29535684977009,0.03455295885440054,15.425730764326671,12.634850552935413,5.005689751703241,6
249,2024-10-13,5055925,00:32:43,307428,146.77,23.29,45334.77,3613759375,16849075,16.445883263723537,0.033635783758659395,15.436071380838047,12.635996192470712,4.988866735623107,6
250,2024-10-20,4926229,00:33:01,309401,141.32,22.88,45498.97,3618685604,16901386,15.92182636772344,0.03333178380460997,15.410084344604822,12.642393449177936,4.951026822490944,6
251,2024-10-27,5202953,00:32:49,317084,150.59,24.56,45674.12,3623888557,16958460,16.408752885670673,0.03366357528119128,15.464736906981592,12.666922001984428,5.0145609120987285,6
252,2024-11-03,5328440,00:33:02,323629,151.53,25.92,45851.57,3629216997,17015184,16.464655516038427,0.0333024299795062,15.48856907037519,12.687353076962005,5.020783625148071,6
253,2024-11-10,4939313,00:33:09,308463,146.73,22.65,46020.95,3634156310,17062427,16.012659541014642,0.03429221837125932,15.412736810667228,12.639357179964604,4.988594163219376,6
254,2024-11-17,4848714,00:32:29,303912,137.55,21.14,46179.64,3639005024,17108079,15.954335465529496,0.03272826568034328,15.394224073114785,12.624493464798554,4.923987487370583,6
255,2024-11-24,4503162,00:32:56,299981,130.53,19.73,46329.9,3643508186,17152363,15.011490727746091,0.033367664765336,15.320290374652577,12.611474418299364,4.871603085400698,6
256,2024-12-01,4142848,00:32:56,288939,121.96,19.31,46471.16,3647651034,17202448,14.338140576384635,0.034099730426991284,15.236894031996448,12.57397087215124,4.803693122120054,6
257,2024-12-08,4239651,00:32:31,273264,115.31,18.56,46605.03,3651890685,17254588,15.514853767784999,0.03157571224612592,15.259991512499623,12.518193639858973,4.747624153783025,6
258,2024-12-15,4065111,00:32:14,259633,111.88,17.57,46734.48,3655955796,17304083,15.6571429671883,0.03184414890515905,15.2179516068643,12.46702437437725,4.717426868333759,6
259,2024-12-22,3980505,00:32:15,255335,109.92,17.31,46861.71,3659936301,17355262,15.58934341159653,0.03196328104097344,15.196919253633583,12.45033168744846,4.699752828474039,6
260,2024-12-29,3630688,00:33:06,251755,101.6,18.47,46981.78,3663566969,17417837,14.421512978888204,0.033070867009228004,15.104932719962614,12.43621167135677,4.6210435351443815,6
261,2025-01-05,3883340,00:32:29,259883,101.23,18.86,47101.87,3667450309,17476570,14.942647268193765,0.03092441043019669,15.172206166044598,12.46798680871728,4.6173951556106605,6
262,2025-01-12,3565641,00:32:42,233480,98.49,14.96,47215.33,3671015950,17517613,15.271719205071099,0.031817560993941896,15.086854399314358,12.360851699317728,4.589955020181611,6
263,2025-01-19,3607929,00:32:54,231960,103.62,15.54,47334.49,3674623879,17559425,15.554099844800827,0.033027257465432384,15.098644481478788,12.354320221990378,4.640730361386642,6
264,2025-01-26,3328676,00:33:13,224670,97.32,14.71,47446.52,3677952555,17597782,14.815845462233497,0.03365602419700806,15.018085185296147,12.322387937911522,4.578004517915322,6
265,2025-02-02,3646989,00:32:43,234612,105.9,16.05,47568.48,3681599544,17641438,15.54476753107258,0.03343854341211339,15.109412453608588,12.36568836478849,4.662495252607361,6
266,2025-02-09,3701801,00:32:46,234979,107.45,16.44,47692.38,3685301345,17684156,15.753752462986053,0.03346749325531005,15.124330015943569,12.367251427431174,4.67702562308852,6
267,2025-02-16,3438016,00:32:19,224788,102.7,16.83,47811.91,3688739361,17724567,15.294481911845828,0.03476714477186842,15.050405118782631,12.32291301479395,4.631812116934513,6
268,2025-02-23,3494559,00:32:26,227521,102.23,15.85,47929.98,3692233920,17765470,15.359281121303088,0.03378967131474958,15.066717745431138,12.334997820805357,4.627225176768922,6
269,2025-03-02,3778483,00:31:58,230797,111.19,17.43,48058.6,3696012403,17817270,16.371456301425063,0.03404011609950342,15.14483316429292,12.349293815264705,4.711240449715158,6
270,2025-03-09,3664637,00:32:04,229704,103.82,17.1,48179.52,3699677040,17862846,15.953736112562254,0.03299644685135253,15.114239843377144,12.344546802543853,4.642658630399083,6
271,2025-03-16,3833467,00:32:06,234706,110.44,18.79,48308.74,3703510507,17912135,16.333059231549257,0.033710998425185344,15.159280173622657,12.366088946062836,4.704472387061954,6
272,2025-03-23,3752572,00:31:56,230544,106.07,18.37,48433.19,3707263079,17958624,16.27703171628843,0.03316125580002195,15.13795202951421,12.348197012572715,4.664099253517379,6
273,2025-03-30,3730849,00:32:00,232304,107.62,18.12,48558.93,3710993928,18006762,16.06020128796749,0.03370278454046251,15.132146379660893,12.355802137723469,4.678606504061274,6
274,2025-04-06,3863496,00:31:32,230965,112.18,18.99,48690.1,3714857424,18056253,16.727625397787545,0.033951115777006116,15.16708303102458,12.350021462872835,4.7201047240801906,6
275,2025-04-13,3573337,00:31:52,229889,100.81,17.36,48808.26,3718430761,18105777,15.543749374698224,0.03306992875287162,15.089010451057696,12.345351862716623,4.61323755706585,6
276,2025-04-20,3860293,00:32:15,239553,113.47,22.45,48944.18,3722291054,18169407,16.114567548726168,0.03520976257501697,15.166253645295994,12.386529965714377,4.731538484802898,6
277,2025-04-27,4008773,00:32:09,243682,119.6,21.15,49084.94,3726299827,18228693,16.450837566993048,0.03511049390923358,15.203995767422372,12.403619375580535,4.784152841516532,6
278,2025-05-04,4065430,00:32:12,241798,124.65,20.64,49230.23,3730365257,18286402,16.813331789344826,0.03573791702230761,15.218030076427437,12.395857945830029,4.825509809969567,6
279,2025-05-11,3802487,00:31:54,234957,115.56,18.78,49364.57,3734167744,18339256,16.183757027881697,0.035329509344805124,15.151165884306321,12.367157797660242,4.749789875598035,6
280,2025-05-18,3736450,00:32:01,230447,113.97,18.21,49496.75,3737904194,18392080,16.213923375005965,0.035375824646388956,15.13364652075619,12.347776180055675,4.735935255867644,6
281,2025-05-25,3613108,00:32:05,227800,110.1,17.7,49624.54,3741517302,18443650,15.86087796312555,0.03537120949609035,15.100078901739481,12.336223329995219,4.701389043728634,6
282,2025-06-01,3684031,00:32:22,228949,116.39,19.21,49760.14,3745201333,18498997,16.091055213169746,0.036807507862990294,15.119518091088489,12.341254550309815,4.756946620953885,6
283,2025-06-08,3756262,00:32:22,228722,116.82,19.09,49896.05,3748957595,18553455,16.42282771224456,0.036182247138245416,15.138934871936092,12.340262571274156,4.760634288612163,6
284,2025-06-15,3659894,00:32:11,219665,115.24,18.17,50029.47,3755752973,18607045,16.66125236155054,0.036451875382183196,15.112944743209516,12.299858937534337,4.7470169102163275,6
285,2025-06-22,3135484,00:34:19,219665,108.69,17.4,50155.56,3752617489,18658952,14.273935310586575,0.04021388723399641,14.958294106097783,12.299858937534337,4.688499793575096,6
286,2025-06-29,2823529,00:33:54,209914,99.18,15.32,50270.06,3758576502,18713093,13.450884647998704,0.04055208924717968,14.853498078982605,12.254453202012305,4.596936381060988,6
287,2025-07-06,2729515,00:34:02,204336,96.9,15.24,50382.21,3761306017,18766286,13.357974121055516,0.04108422192220962,14.819634495700848,12.227520976736043,4.5736795188967205,6
288,2025-07-13,3530203,00:32:26,220907,117.41,18.03,50517.64,3764836220,18825366,15.980494054058948,0.03836606563418591,15.076865934338164,12.30549707745299,4.76567208264212,6
289,2025-07-20,3508577,00:32:31,221008,115.92,17.88,50651.45,3768344797,18883886,15.87533935423152,0.03813511859651363,15.070721100134524,12.305954178939741,4.752900298012427,6
290,2025-07-27,3605858,00:32:46,225524,122.33,18.98,50792.76,3771950655,18945682,15.988799418243735,0.03918900855219479,15.098070303156945,12.326181862416794,4.806722311058825,6
291,2025-08-03,3496379,00:32:05,221569,117.77,18.32,50928.85,3775447034,19004164,15.780091077722966,0.03892312589682068,15.06723841949265,12.308489332372758,4.768733569853457,6
292,2025-08-10,3553727,00:32:18,223863,123.73,19.02,51071.6,3779000761,19066470,15.874561673880901,0.040169095712754524,15.083507469889822,12.318789536586376,4.8181017722258845,6
293,2025-08-17,3383408,00:32:37,219315,118.37,18.16,51208.13,3782384169,19125607,15.427161844835055,0.040352804036639975,15.034394043505962,12.298264331519649,4.773815311965802,6
294,2025-08-24,3410694,00:32:38,219022,119.72,19.03,51346.88,3785794863,19186520,15.57238085671759,0.04068087022758418,15.042426347614088,12.296927460374214,4.785155682984498,6
295,2025-08-31,3514042,00:32:47,220347,125.73,19.75,51492.35,3789308905,19248889,15.947764208271499,0.04139961901422921,15.072277499848989,12.302958855473571,4.83413675060509,6
296,2025-09-07,3441776,00:33:59,218942,124.08,19.76,51636.19,3792750681,19306948,15.720035443176732,0.0417923769588724,15.051498175193162,12.296562133539634,4.8209265188682835,6
297,2025-09-14,3559167,00:32:48,218422,127.53,19.76,51783.47,3796309848,19366536,16.294910769061726,0.041383278727859636,15.085037086684526,12.294184250380432,4.848351631038809,6
298,2025-09-21,3535639,00:32:51,219953,130.08,19.62,51933.18,3799845487,19423364,16.074520465735862,0.042340295488312016,15.07840460476767,12.301169166147364,4.868149645799501,6
299,2025-09-28,3432378,00:32:42,217730,128.86,19.09,52081.13,3803277865,19479585,15.764377899232995,0.043104226865455966,15.04876387338518,12.291011042046364,4.858726543710496,6
